,Date,CareUnit,BetweennessCentrality,TotalStaff
0,2024-05-01,Medical/Surgical Intensive Care Unit (MICU/SICU),118.66666666666664,98
1,2024-05-01,Medical Intensive Care Unit (MICU),108.60238095238095,100
2,2024-05-01,PACU,104.57777777777777,24
3,2024-05-01,Medicine/Cardiology,102.46349206349205,70
4,2024-05-01,Med/Surg,101.26825396825399,78
5,2024-05-01,Emergency Department Observation,101.21904761904761,40
6,2024-05-01,Discharge Lounge,97.35476190476194,20
7,2024-05-01,Surgical Intensive Care Unit (SICU),69.78333333333333,90
8,2024-05-01,Cardiac Vascular Intensive Care Unit (CVICU),68.85634920634921,80
9,2024-05-01,Neurology,67.71031746031746,50
10,2024-05-01,Transplant,52.013492063492066,30
11,2024-05-01,Obstetrics (Postpartum & Antepartum),52.0,56
12,2024-05-01,Vascular,46.8063492063492,38
13,2024-05-01,Medicine,41.72063492063492,76
14,2024-05-01,Hematology/Oncology,39.32460317460317,56
15,2024-05-01,Coronary Care Unit (CCU),30.0,74
16,2024-05-01,Medicine/Cardiology Intermediate,29.7,62
17,2024-05-01,Med/Surg/GYN,25.849999999999998,58
18,2024-05-01,Trauma SICU (TSICU),21.70952380952381,82
19,2024-05-01,Surgery/Pancreatic/Biliary/Bariatric,13.433333333333334,42
20,2024-05-01,Surgery/Trauma,6.692857142857143,60
21,2024-05-01,Cardiac Surgery,4.4,46
22,2024-05-01,Med/Surg/Trauma,3.423809523809523,70
23,2024-05-01,Emergency Department,0.0,124
24,2024-05-01,Labor & Delivery,0.0,60
25,2024-05-01,Observation,0.0,38
26,2024-05-01,Thoracic Surgery,0.0,40
27,2024-05-01,Surgery,0.0,62
28,2024-05-01,Psychiatry,0.0,30
29,2024-05-01,Hematology/Oncology Intermediate,0.0,44
30,2024-05-01,Cardiology Surgery Intermediate,0.0,42
31,2024-05-01,Medical/Surgical (Gynecology),0.0,48
32,2024-05-01,Cardiology,0.0,70
33,2024-05-01,Neuro Intermediate,0.0,38
34,2024-05-01,Neuro Surgical Intensive Care Unit (Neuro SICU),0.0,80
35,2024-05-01,Obstetrics Postpartum,0.0,48
36,2024-05-02,Medical/Surgical Intensive Care Unit (MICU/SICU),118.66666666666664,94
37,2024-05-02,Medical Intensive Care Unit (MICU),108.60238095238095,100
38,2024-05-02,PACU,104.57777777777777,22
39,2024-05-02,Medicine/Cardiology,102.46349206349205,76
40,2024-05-02,Med/Surg,101.26825396825399,78
41,2024-05-02,Emergency Department Observation,101.21904761904761,42
42,2024-05-02,Discharge Lounge,97.35476190476194,20
43,2024-05-02,Surgical Intensive Care Unit (SICU),69.78333333333333,84
44,2024-05-02,Cardiac Vascular Intensive Care Unit (CVICU),68.85634920634921,80
45,2024-05-02,Neurology,67.71031746031746,50
46,2024-05-02,Transplant,52.013492063492066,32
47,2024-05-02,Obstetrics (Postpartum & Antepartum),52.0,56
48,2024-05-02,Vascular,46.8063492063492,38
49,2024-05-02,Medicine,41.72063492063492,82
50,2024-05-02,Hematology/Oncology,39.32460317460317,58
51,2024-05-02,Coronary Care Unit (CCU),30.0,70
52,2024-05-02,Medicine/Cardiology Intermediate,29.7,60
53,2024-05-02,Med/Surg/GYN,25.849999999999998,60
54,2024-05-02,Trauma SICU (TSICU),21.70952380952381,86
55,2024-05-02,Surgery/Pancreatic/Biliary/Bariatric,13.433333333333334,42
56,2024-05-02,Surgery/Trauma,6.692857142857143,58
57,2024-05-02,Cardiac Surgery,4.4,48
58,2024-05-02,Med/Surg/Trauma,3.423809523809523,76
59,2024-05-02,Emergency Department,0.0,132
60,2024-05-02,Labor & Delivery,0.0,60
61,2024-05-02,Observation,0.0,36
62,2024-05-02,Thoracic Surgery,0.0,38
63,2024-05-02,Surgery,0.0,64
64,2024-05-02,Psychiatry,0.0,32
65,2024-05-02,Hematology/Oncology Intermediate,0.0,44
66,2024-05-02,Cardiology Surgery Intermediate,0.0,40
67,2024-05-02,Medical/Surgical (Gynecology),0.0,46
68,2024-05-02,Cardiology,0.0,74
69,2024-05-02,Neuro Intermediate,0.0,40
70,2024-05-02,Neuro Surgical Intensive Care Unit (Neuro SICU),0.0,80
71,2024-05-02,Obstetrics Postpartum,0.0,50
72,2024-05-03,Medical/Surgical Intensive Care Unit (MICU/SICU),118.66666666666664,98
73,2024-05-03,Medical Intensive Care Unit (MICU),108.60238095238095,104
74,2024-05-03,PACU,104.57777777777777,22
75,2024-05-03,Medicine/Cardiology,102.46349206349205,74
76,2024-05-03,Med/Surg,101.26825396825399,84
77,2024-05-03,Emergency Department Observation,101.21904761904761,38
78,2024-05-03,Discharge Lounge,97.35476190476194,20
79,2024-05-03,Surgical Intensive Care Unit (SICU),69.78333333333333,84
80,2024-05-03,Cardiac Vascular Intensive Care Unit (CVICU),68.85634920634921,82
81,2024-05-03,Neurology,67.71031746031746,48
82,2024-05-03,Transplant,52.013492063492066,32
83,2024-05-03,Obstetrics (Postpartum & Antepartum),52.0,56
84,2024-05-03,Vascular,46.8063492063492,40
85,2024-05-03,Medicine,41.72063492063492,80
86,2024-05-03,Hematology/Oncology,39.32460317460317,54
87,2024-05-03,Coronary Care Unit (CCU),30.0,74
88,2024-05-03,Medicine/Cardiology Intermediate,29.7,60
89,2024-05-03,Med/Surg/GYN,25.849999999999998,60
90,2024-05-03,Trauma SICU (TSICU),21.70952380952381,76
91,2024-05-03,Surgery/Pancreatic/Biliary/Bariatric,13.433333333333334,40
92,2024-05-03,Surgery/Trauma,6.692857142857143,58
93,2024-05-03,Cardiac Surgery,4.4,48
94,2024-05-03,Med/Surg/Trauma,3.423809523809523,70
95,2024-05-03,Emergency Department,0.0,126
96,2024-05-03,Labor & Delivery,0.0,62
97,2024-05-03,Observation,0.0,38
98,2024-05-03,Thoracic Surgery,0.0,42
99,2024-05-03,Surgery,0.0,60
100,2024-05-03,Psychiatry,0.0,30
101,2024-05-03,Hematology/Oncology Intermediate,0.0,42
102,2024-05-03,Cardiology Surgery Intermediate,0.0,38
103,2024-05-03,Medical/Surgical (Gynecology),0.0,48
104,2024-05-03,Cardiology,0.0,68
105,2024-05-03,Neuro Intermediate,0.0,36
106,2024-05-03,Neuro Surgical Intensive Care Unit (Neuro SICU),0.0,78
107,2024-05-03,Obstetrics Postpartum,0.0,50
108,2024-05-04,Medical/Surgical Intensive Care Unit (MICU/SICU),118.66666666666664,96
109,2024-05-04,Medical Intensive Care Unit (MICU),108.60238095238095,94
110,2024-05-04,PACU,104.57777777777777,24
111,2024-05-04,Medicine/Cardiology,102.46349206349205,74
112,2024-05-04,Med/Surg,101.26825396825399,82
113,2024-05-04,Emergency Department Observation,101.21904761904761,42
114,2024-05-04,Discharge Lounge,97.35476190476194,20
115,2024-05-04,Surgical Intensive Care Unit (SICU),69.78333333333333,88
116,2024-05-04,Cardiac Vascular Intensive Care Unit (CVICU),68.85634920634921,84
117,2024-05-04,Neurology,67.71031746031746,48
118,2024-05-04,Transplant,52.013492063492066,34
119,2024-05-04,Obstetrics (Postpartum & Antepartum),52.0,58
120,2024-05-04,Vascular,46.8063492063492,42
121,2024-05-04,Medicine,41.72063492063492,80
122,2024-05-04,Hematology/Oncology,39.32460317460317,54
123,2024-05-04,Coronary Care Unit (CCU),30.0,68
124,2024-05-04,Medicine/Cardiology Intermediate,29.7,60
125,2024-05-04,Med/Surg/GYN,25.849999999999998,56
126,2024-05-04,Trauma SICU (TSICU),21.70952380952381,80
127,2024-05-04,Surgery/Pancreatic/Biliary/Bariatric,13.433333333333334,42
128,2024-05-04,Surgery/Trauma,6.692857142857143,62
129,2024-05-04,Cardiac Surgery,4.4,50
130,2024-05-04,Med/Surg/Trauma,3.423809523809523,72
131,2024-05-04,Emergency Department,0.0,130
132,2024-05-04,Labor & Delivery,0.0,62
133,2024-05-04,Observation,0.0,38
134,2024-05-04,Thoracic Surgery,0.0,40
135,2024-05-04,Surgery,0.0,60
136,2024-05-04,Psychiatry,0.0,32
137,2024-05-04,Hematology/Oncology Intermediate,0.0,42
138,2024-05-04,Cardiology Surgery Intermediate,0.0,38
139,2024-05-04,Medical/Surgical (Gynecology),0.0,48
140,2024-05-04,Cardiology,0.0,72
141,2024-05-04,Neuro Intermediate,0.0,36
142,2024-05-04,Neuro Surgical Intensive Care Unit (Neuro SICU),0.0,84
143,2024-05-04,Obstetrics Postpartum,0.0,46
144,2024-05-05,Medical/Surgical Intensive Care Unit (MICU/SICU),118.66666666666664,102
145,2024-05-05,Medical Intensive Care Unit (MICU),108.60238095238095,102
146,2024-05-05,PACU,104.57777777777777,24
147,2024-05-05,Medicine/Cardiology,102.46349206349205,70
148,2024-05-05,Med/Surg,101.26825396825399,76
149,2024-05-05,Emergency Department Observation,101.21904761904761,40
150,2024-05-05,Discharge Lounge,97.35476190476194,20
151,2024-05-05,Surgical Intensive Care Unit (SICU),69.78333333333333,86
152,2024-05-05,Cardiac Vascular Intensive Care Unit (CVICU),68.85634920634921,84
153,2024-05-05,Neurology,67.71031746031746,46
154,2024-05-05,Transplant,52.013492063492066,30
155,2024-05-05,Obstetrics (Postpartum & Antepartum),52.0,54
156,2024-05-05,Vascular,46.8063492063492,42
157,2024-05-05,Medicine,41.72063492063492,80
158,2024-05-05,Hematology/Oncology,39.32460317460317,54
159,2024-05-05,Coronary Care Unit (CCU),30.0,74
160,2024-05-05,Medicine/Cardiology Intermediate,29.7,62
161,2024-05-05,Med/Surg/GYN,25.849999999999998,64
162,2024-05-05,Trauma SICU (TSICU),21.70952380952381,82
163,2024-05-05,Surgery/Pancreatic/Biliary/Bariatric,13.433333333333334,44
164,2024-05-05,Surgery/Trauma,6.692857142857143,60
165,2024-05-05,Cardiac Surgery,4.4,46
166,2024-05-05,Med/Surg/Trauma,3.423809523809523,68
167,2024-05-05,Emergency Department,0.0,124
168,2024-05-05,Labor & Delivery,0.0,62
169,2024-05-05,Observation,0.0,38
170,2024-05-05,Thoracic Surgery,0.0,40
171,2024-05-05,Surgery,0.0,66
172,2024-05-05,Psychiatry,0.0,34
173,2024-05-05,Hematology/Oncology Intermediate,0.0,44
174,2024-05-05,Cardiology Surgery Intermediate,0.0,38
175,2024-05-05,Medical/Surgical (Gynecology),0.0,46
176,2024-05-05,Cardiology,0.0,70
177,2024-05-05,Neuro Intermediate,0.0,40
178,2024-05-05,Neuro Surgical Intensive Care Unit (Neuro SICU),0.0,76
179,2024-05-05,Obstetrics Postpartum,0.0,46
180,2024-05-06,Medical/Surgical Intensive Care Unit (MICU/SICU),118.66666666666664,98
181,2024-05-06,Medical Intensive Care Unit (MICU),108.60238095238095,100
182,2024-05-06,PACU,104.57777777777777,24
183,2024-05-06,Medicine/Cardiology,102.46349206349205,76
184,2024-05-06,Med/Surg,101.26825396825399,80
185,2024-05-06,Emergency Department Observation,101.21904761904761,40
186,2024-05-06,Discharge Lounge,97.35476190476194,20
187,2024-05-06,Surgical Intensive Care Unit (SICU),69.78333333333333,86
188,2024-05-06,Cardiac Vascular Intensive Care Unit (CVICU),68.85634920634921,78
189,2024-05-06,Neurology,67.71031746031746,46
190,2024-05-06,Transplant,52.013492063492066,32
191,2024-05-06,Obstetrics (Postpartum & Antepartum),52.0,54
192,2024-05-06,Vascular,46.8063492063492,40
193,2024-05-06,Medicine,41.72063492063492,76
194,2024-05-06,Hematology/Oncology,39.32460317460317,58
195,2024-05-06,Coronary Care Unit (CCU),30.0,76
196,2024-05-06,Medicine/Cardiology Intermediate,29.7,62
197,2024-05-06,Med/Surg/GYN,25.849999999999998,60
198,2024-05-06,Trauma SICU (TSICU),21.70952380952381,78
199,2024-05-06,Surgery/Pancreatic/Biliary/Bariatric,13.433333333333334,40
200,2024-05-06,Surgery/Trauma,6.692857142857143,58
201,2024-05-06,Cardiac Surgery,4.4,50
202,2024-05-06,Med/Surg/Trauma,3.423809523809523,74
203,2024-05-06,Emergency Department,0.0,134
204,2024-05-06,Labor & Delivery,0.0,60
205,2024-05-06,Observation,0.0,40
206,2024-05-06,Thoracic Surgery,0.0,40
207,2024-05-06,Surgery,0.0,66
208,2024-05-06,Psychiatry,0.0,34
209,2024-05-06,Hematology/Oncology Intermediate,0.0,42
210,2024-05-06,Cardiology Surgery Intermediate,0.0,38
211,2024-05-06,Medical/Surgical (Gynecology),0.0,48
212,2024-05-06,Cardiology,0.0,72
213,2024-05-06,Neuro Intermediate,0.0,38
214,2024-05-06,Neuro Surgical Intensive Care Unit (Neuro SICU),0.0,74
215,2024-05-06,Obstetrics Postpartum,0.0,46
216,2024-05-07,Medical/Surgical Intensive Care Unit (MICU/SICU),118.66666666666664,92
217,2024-05-07,Medical Intensive Care Unit (MICU),108.60238095238095,106
218,2024-05-07,PACU,104.57777777777777,24
219,2024-05-07,Medicine/Cardiology,102.46349206349205,70
220,2024-05-07,Med/Surg,101.26825396825399,80
221,2024-05-07,Emergency Department Observation,101.21904761904761,38
222,2024-05-07,Discharge Lounge,97.35476190476194,20
223,2024-05-07,Surgical Intensive Care Unit (SICU),69.78333333333333,92
224,2024-05-07,Cardiac Vascular Intensive Care Unit (CVICU),68.85634920634921,80
225,2024-05-07,Neurology,67.71031746031746,46
226,2024-05-07,Transplant,52.013492063492066,32
227,2024-05-07,Obstetrics (Postpartum & Antepartum),52.0,58
228,2024-05-07,Vascular,46.8063492063492,40
229,2024-05-07,Medicine,41.72063492063492,76
230,2024-05-07,Hematology/Oncology,39.32460317460317,54
231,2024-05-07,Coronary Care Unit (CCU),30.0,68
232,2024-05-07,Medicine/Cardiology Intermediate,29.7,60
233,2024-05-07,Med/Surg/GYN,25.849999999999998,62
234,2024-05-07,Trauma SICU (TSICU),21.70952380952381,80
235,2024-05-07,Surgery/Pancreatic/Biliary/Bariatric,13.433333333333334,40
236,2024-05-07,Surgery/Trauma,6.692857142857143,58
237,2024-05-07,Cardiac Surgery,4.4,50
238,2024-05-07,Med/Surg/Trauma,3.423809523809523,72
239,2024-05-07,Emergency Department,0.0,128
240,2024-05-07,Labor & Delivery,0.0,62
241,2024-05-07,Observation,0.0,36
242,2024-05-07,Thoracic Surgery,0.0,40
243,2024-05-07,Surgery,0.0,64
244,2024-05-07,Psychiatry,0.0,32
245,2024-05-07,Hematology/Oncology Intermediate,0.0,42
246,2024-05-07,Cardiology Surgery Intermediate,0.0,38
247,2024-05-07,Medical/Surgical (Gynecology),0.0,48
248,2024-05-07,Cardiology,0.0,74
249,2024-05-07,Neuro Intermediate,0.0,36
250,2024-05-07,Neuro Surgical Intensive Care Unit (Neuro SICU),0.0,84
251,2024-05-07,Obstetrics Postpartum,0.0,50
252,2024-05-08,Medical/Surgical Intensive Care Unit (MICU/SICU),118.66666666666664,90
253,2024-05-08,Medical Intensive Care Unit (MICU),108.60238095238095,94
254,2024-05-08,PACU,104.57777777777777,24
255,2024-05-08,Medicine/Cardiology,102.46349206349205,74
256,2024-05-08,Med/Surg,101.26825396825399,78
257,2024-05-08,Emergency Department Observation,101.21904761904761,42
258,2024-05-08,Discharge Lounge,97.35476190476194,20
259,2024-05-08,Surgical Intensive Care Unit (SICU),69.78333333333333,84
260,2024-05-08,Cardiac Vascular Intensive Care Unit (CVICU),68.85634920634921,78
261,2024-05-08,Neurology,67.71031746031746,48
262,2024-05-08,Transplant,52.013492063492066,30
263,2024-05-08,Obstetrics (Postpartum & Antepartum),52.0,52
264,2024-05-08,Vascular,46.8063492063492,40
265,2024-05-08,Medicine,41.72063492063492,76
266,2024-05-08,Hematology/Oncology,39.32460317460317,54
267,2024-05-08,Coronary Care Unit (CCU),30.0,76
268,2024-05-08,Medicine/Cardiology Intermediate,29.7,60
269,2024-05-08,Med/Surg/GYN,25.849999999999998,60
270,2024-05-08,Trauma SICU (TSICU),21.70952380952381,86
271,2024-05-08,Surgery/Pancreatic/Biliary/Bariatric,13.433333333333334,44
272,2024-05-08,Surgery/Trauma,6.692857142857143,64
273,2024-05-08,Cardiac Surgery,4.4,50
274,2024-05-08,Med/Surg/Trauma,3.423809523809523,68
275,2024-05-08,Emergency Department,0.0,128
276,2024-05-08,Labor & Delivery,0.0,60
277,2024-05-08,Observation,0.0,36
278,2024-05-08,Thoracic Surgery,0.0,38
279,2024-05-08,Surgery,0.0,64
280,2024-05-08,Psychiatry,0.0,34
281,2024-05-08,Hematology/Oncology Intermediate,0.0,40
282,2024-05-08,Cardiology Surgery Intermediate,0.0,40
283,2024-05-08,Medical/Surgical (Gynecology),0.0,48
284,2024-05-08,Cardiology,0.0,72
285,2024-05-08,Neuro Intermediate,0.0,36
286,2024-05-08,Neuro Surgical Intensive Care Unit (Neuro SICU),0.0,80
287,2024-05-08,Obstetrics Postpartum,0.0,50
288,2024-05-09,Medical/Surgical Intensive Care Unit (MICU/SICU),118.66666666666664,98
289,2024-05-09,Medical Intensive Care Unit (MICU),108.60238095238095,104
290,2024-05-09,PACU,104.57777777777777,24
291,2024-05-09,Medicine/Cardiology,102.46349206349205,74
292,2024-05-09,Med/Surg,101.26825396825399,82
293,2024-05-09,Emergency Department Observation,101.21904761904761,42
294,2024-05-09,Discharge Lounge,97.35476190476194,20
295,2024-05-09,Surgical Intensive Care Unit (SICU),69.78333333333333,88
296,2024-05-09,Cardiac Vascular Intensive Care Unit (CVICU),68.85634920634921,78
297,2024-05-09,Neurology,67.71031746031746,46
298,2024-05-09,Transplant,52.013492063492066,30
299,2024-05-09,Obstetrics (Postpartum & Antepartum),52.0,54
300,2024-05-09,Vascular,46.8063492063492,42
301,2024-05-09,Medicine,41.72063492063492,84
302,2024-05-09,Hematology/Oncology,39.32460317460317,54
303,2024-05-09,Coronary Care Unit (CCU),30.0,72
304,2024-05-09,Medicine/Cardiology Intermediate,29.7,62
305,2024-05-09,Med/Surg/GYN,25.849999999999998,60
306,2024-05-09,Trauma SICU (TSICU),21.70952380952381,78
307,2024-05-09,Surgery/Pancreatic/Biliary/Bariatric,13.433333333333334,40
308,2024-05-09,Surgery/Trauma,6.692857142857143,62
309,2024-05-09,Cardiac Surgery,4.4,46
310,2024-05-09,Med/Surg/Trauma,3.423809523809523,74
311,2024-05-09,Emergency Department,0.0,130
312,2024-05-09,Labor & Delivery,0.0,60
313,2024-05-09,Observation,0.0,38
314,2024-05-09,Thoracic Surgery,0.0,38
315,2024-05-09,Surgery,0.0,64
316,2024-05-09,Psychiatry,0.0,30
317,2024-05-09,Hematology/Oncology Intermediate,0.0,40
318,2024-05-09,Cardiology Surgery Intermediate,0.0,38
319,2024-05-09,Medical/Surgical (Gynecology),0.0,48
320,2024-05-09,Cardiology,0.0,70
321,2024-05-09,Neuro Intermediate,0.0,40
322,2024-05-09,Neuro Surgical Intensive Care Unit (Neuro SICU),0.0,80
323,2024-05-09,Obstetrics Postpartum,0.0,48
324,2024-05-10,Medical/Surgical Intensive Care Unit (MICU/SICU),118.66666666666664,98
325,2024-05-10,Medical Intensive Care Unit (MICU),108.60238095238095,102
326,2024-05-10,PACU,104.57777777777777,24
327,2024-05-10,Medicine/Cardiology,102.46349206349205,72
328,2024-05-10,Med/Surg,101.26825396825399,84
329,2024-05-10,Emergency Department Observation,101.21904761904761,40
330,2024-05-10,Discharge Lounge,97.35476190476194,20
331,2024-05-10,Surgical Intensive Care Unit (SICU),69.78333333333333,88
332,2024-05-10,Cardiac Vascular Intensive Care Unit (CVICU),68.85634920634921,84
333,2024-05-10,Neurology,67.71031746031746,48
334,2024-05-10,Transplant,52.013492063492066,32
335,2024-05-10,Obstetrics (Postpartum & Antepartum),52.0,54
336,2024-05-10,Vascular,46.8063492063492,42
337,2024-05-10,Medicine,41.72063492063492,78
338,2024-05-10,Hematology/Oncology,39.32460317460317,56
339,2024-05-10,Coronary Care Unit (CCU),30.0,72
340,2024-05-10,Medicine/Cardiology Intermediate,29.7,62
341,2024-05-10,Med/Surg/GYN,25.849999999999998,62
342,2024-05-10,Trauma SICU (TSICU),21.70952380952381,82
343,2024-05-10,Surgery/Pancreatic/Biliary/Bariatric,13.433333333333334,42
344,2024-05-10,Surgery/Trauma,6.692857142857143,64
345,2024-05-10,Cardiac Surgery,4.4,46
346,2024-05-10,Med/Surg/Trauma,3.423809523809523,72
347,2024-05-10,Emergency Department,0.0,130
348,2024-05-10,Labor & Delivery,0.0,62
349,2024-05-10,Observation,0.0,38
350,2024-05-10,Thoracic Surgery,0.0,38
351,2024-05-10,Surgery,0.0,64
352,2024-05-10,Psychiatry,0.0,30
353,2024-05-10,Hematology/Oncology Intermediate,0.0,40
354,2024-05-10,Cardiology Surgery Intermediate,0.0,42
355,2024-05-10,Medical/Surgical (Gynecology),0.0,50
356,2024-05-10,Cardiology,0.0,72
357,2024-05-10,Neuro Intermediate,0.0,36
358,2024-05-10,Neuro Surgical Intensive Care Unit (Neuro SICU),0.0,84
359,2024-05-10,Obstetrics Postpartum,0.0,46
360,2024-05-11,Medical/Surgical Intensive Care Unit (MICU/SICU),118.66666666666664,98
361,2024-05-11,Medical Intensive Care Unit (MICU),108.60238095238095,100
362,2024-05-11,PACU,104.57777777777777,24
363,2024-05-11,Medicine/Cardiology,102.46349206349205,76
364,2024-05-11,Med/Surg,101.26825396825399,76
365,2024-05-11,Emergency Department Observation,101.21904761904761,40
366,2024-05-11,Discharge Lounge,97.35476190476194,20
367,2024-05-11,Surgical Intensive Care Unit (SICU),69.78333333333333,84
368,2024-05-11,Cardiac Vascular Intensive Care Unit (CVICU),68.85634920634921,82
369,2024-05-11,Neurology,67.71031746031746,50
370,2024-05-11,Transplant,52.013492063492066,32
371,2024-05-11,Obstetrics (Postpartum & Antepartum),52.0,56
372,2024-05-11,Vascular,46.8063492063492,40
373,2024-05-11,Medicine,41.72063492063492,84
374,2024-05-11,Hematology/Oncology,39.32460317460317,54
375,2024-05-11,Coronary Care Unit (CCU),30.0,70
376,2024-05-11,Medicine/Cardiology Intermediate,29.7,64
377,2024-05-11,Med/Surg/GYN,25.849999999999998,60
378,2024-05-11,Trauma SICU (TSICU),21.70952380952381,86
379,2024-05-11,Surgery/Pancreatic/Biliary/Bariatric,13.433333333333334,42
380,2024-05-11,Surgery/Trauma,6.692857142857143,58
381,2024-05-11,Cardiac Surgery,4.4,48
382,2024-05-11,Med/Surg/Trauma,3.423809523809523,76
383,2024-05-11,Emergency Department,0.0,130
384,2024-05-11,Labor & Delivery,0.0,62
385,2024-05-11,Observation,0.0,38
386,2024-05-11,Thoracic Surgery,0.0,40
387,2024-05-11,Surgery,0.0,60
388,2024-05-11,Psychiatry,0.0,32
389,2024-05-11,Hematology/Oncology Intermediate,0.0,44
390,2024-05-11,Cardiology Surgery Intermediate,0.0,42
391,2024-05-11,Medical/Surgical (Gynecology),0.0,46
392,2024-05-11,Cardiology,0.0,74
393,2024-05-11,Neuro Intermediate,0.0,36
394,2024-05-11,Neuro Surgical Intensive Care Unit (Neuro SICU),0.0,80
395,2024-05-11,Obstetrics Postpartum,0.0,48
396,2024-05-12,Medical/Surgical Intensive Care Unit (MICU/SICU),118.66666666666664,98
397,2024-05-12,Medical Intensive Care Unit (MICU),108.60238095238095,106
398,2024-05-12,PACU,104.57777777777777,24
399,2024-05-12,Medicine/Cardiology,102.46349206349205,74
400,2024-05-12,Med/Surg,101.26825396825399,76
401,2024-05-12,Emergency Department Observation,101.21904761904761,40
402,2024-05-12,Discharge Lounge,97.35476190476194,20
403,2024-05-12,Surgical Intensive Care Unit (SICU),69.78333333333333,88
404,2024-05-12,Cardiac Vascular Intensive Care Unit (CVICU),68.85634920634921,86
405,2024-05-12,Neurology,67.71031746031746,48
406,2024-05-12,Transplant,52.013492063492066,32
407,2024-05-12,Obstetrics (Postpartum & Antepartum),52.0,58
408,2024-05-12,Vascular,46.8063492063492,40
409,2024-05-12,Medicine,41.72063492063492,80
410,2024-05-12,Hematology/Oncology,39.32460317460317,58
411,2024-05-12,Coronary Care Unit (CCU),30.0,70
412,2024-05-12,Medicine/Cardiology Intermediate,29.7,58
413,2024-05-12,Med/Surg/GYN,25.849999999999998,62
414,2024-05-12,Trauma SICU (TSICU),21.70952380952381,84
415,2024-05-12,Surgery/Pancreatic/Biliary/Bariatric,13.433333333333334,44
416,2024-05-12,Surgery/Trauma,6.692857142857143,58
417,2024-05-12,Cardiac Surgery,4.4,48
418,2024-05-12,Med/Surg/Trauma,3.423809523809523,72
419,2024-05-12,Emergency Department,0.0,124
420,2024-05-12,Labor & Delivery,0.0,62
421,2024-05-12,Observation,0.0,38
422,2024-05-12,Thoracic Surgery,0.0,40
423,2024-05-12,Surgery,0.0,62
424,2024-05-12,Psychiatry,0.0,32
425,2024-05-12,Hematology/Oncology Intermediate,0.0,40
426,2024-05-12,Cardiology Surgery Intermediate,0.0,38
427,2024-05-12,Medical/Surgical (Gynecology),0.0,50
428,2024-05-12,Cardiology,0.0,68
429,2024-05-12,Neuro Intermediate,0.0,36
430,2024-05-12,Neuro Surgical Intensive Care Unit (Neuro SICU),0.0,78
431,2024-05-12,Obstetrics Postpartum,0.0,50
432,2024-05-13,Medical/Surgical Intensive Care Unit (MICU/SICU),118.66666666666664,98
433,2024-05-13,Medical Intensive Care Unit (MICU),108.60238095238095,102
434,2024-05-13,PACU,104.57777777777777,24
435,2024-05-13,Medicine/Cardiology,102.46349206349205,74
436,2024-05-13,Med/Surg,101.26825396825399,76
437,2024-05-13,Emergency Department Observation,101.21904761904761,40
438,2024-05-13,Discharge Lounge,97.35476190476194,20
439,2024-05-13,Surgical Intensive Care Unit (SICU),69.78333333333333,84
440,2024-05-13,Cardiac Vascular Intensive Care Unit (CVICU),68.85634920634921,82
441,2024-05-13,Neurology,67.71031746031746,50
442,2024-05-13,Transplant,52.013492063492066,32
443,2024-05-13,Obstetrics (Postpartum & Antepartum),52.0,54
444,2024-05-13,Vascular,46.8063492063492,38
445,2024-05-13,Medicine,41.72063492063492,76
446,2024-05-13,Hematology/Oncology,39.32460317460317,54
447,2024-05-13,Coronary Care Unit (CCU),30.0,72
448,2024-05-13,Medicine/Cardiology Intermediate,29.7,62
449,2024-05-13,Med/Surg/GYN,25.849999999999998,62
450,2024-05-13,Trauma SICU (TSICU),21.70952380952381,78
451,2024-05-13,Surgery/Pancreatic/Biliary/Bariatric,13.433333333333334,42
452,2024-05-13,Surgery/Trauma,6.692857142857143,58
453,2024-05-13,Cardiac Surgery,4.4,46
454,2024-05-13,Med/Surg/Trauma,3.423809523809523,68
455,2024-05-13,Emergency Department,0.0,126
456,2024-05-13,Labor & Delivery,0.0,58
457,2024-05-13,Observation,0.0,38
458,2024-05-13,Thoracic Surgery,0.0,38
459,2024-05-13,Surgery,0.0,64
460,2024-05-13,Psychiatry,0.0,32
461,2024-05-13,Hematology/Oncology Intermediate,0.0,40
462,2024-05-13,Cardiology Surgery Intermediate,0.0,38
463,2024-05-13,Medical/Surgical (Gynecology),0.0,50
464,2024-05-13,Cardiology,0.0,72
465,2024-05-13,Neuro Intermediate,0.0,40
466,2024-05-13,Neuro Surgical Intensive Care Unit (Neuro SICU),0.0,80
467,2024-05-13,Obstetrics Postpartum,0.0,48
468,2024-05-14,Medical/Surgical Intensive Care Unit (MICU/SICU),118.66666666666664,98
469,2024-05-14,Medical Intensive Care Unit (MICU),108.60238095238095,104
470,2024-05-14,PACU,104.57777777777777,24
471,2024-05-14,Medicine/Cardiology,102.46349206349205,68
472,2024-05-14,Med/Surg,101.26825396825399,80
473,2024-05-14,Emergency Department Observation,101.21904761904761,40
474,2024-05-14,Discharge Lounge,97.35476190476194,20
475,2024-05-14,Surgical Intensive Care Unit (SICU),69.78333333333333,90
476,2024-05-14,Cardiac Vascular Intensive Care Unit (CVICU),68.85634920634921,84
477,2024-05-14,Neurology,67.71031746031746,50
478,2024-05-14,Transplant,52.013492063492066,32
479,2024-05-14,Obstetrics (Postpartum & Antepartum),52.0,54
480,2024-05-14,Vascular,46.8063492063492,40
481,2024-05-14,Medicine,41.72063492063492,74
482,2024-05-14,Hematology/Oncology,39.32460317460317,58
483,2024-05-14,Coronary Care Unit (CCU),30.0,72
484,2024-05-14,Medicine/Cardiology Intermediate,29.7,62
485,2024-05-14,Med/Surg/GYN,25.849999999999998,60
486,2024-05-14,Trauma SICU (TSICU),21.70952380952381,78
487,2024-05-14,Surgery/Pancreatic/Biliary/Bariatric,13.433333333333334,40
488,2024-05-14,Surgery/Trauma,6.692857142857143,62
489,2024-05-14,Cardiac Surgery,4.4,48
490,2024-05-14,Med/Surg/Trauma,3.423809523809523,70
491,2024-05-14,Emergency Department,0.0,128
492,2024-05-14,Labor & Delivery,0.0,56
493,2024-05-14,Observation,0.0,38
494,2024-05-14,Thoracic Surgery,0.0,38
495,2024-05-14,Surgery,0.0,68
496,2024-05-14,Psychiatry,0.0,34
497,2024-05-14,Hematology/Oncology Intermediate,0.0,42
498,2024-05-14,Cardiology Surgery Intermediate,0.0,42
499,2024-05-14,Medical/Surgical (Gynecology),0.0,48
500,2024-05-14,Cardiology,0.0,68
501,2024-05-14,Neuro Intermediate,0.0,38
502,2024-05-14,Neuro Surgical Intensive Care Unit (Neuro SICU),0.0,76
503,2024-05-14,Obstetrics Postpartum,0.0,46
504,2024-05-15,Medical/Surgical Intensive Care Unit (MICU/SICU),118.66666666666664,92
505,2024-05-15,Medical Intensive Care Unit (MICU),108.60238095238095,102
506,2024-05-15,PACU,104.57777777777777,22
507,2024-05-15,Medicine/Cardiology,102.46349206349205,72
508,2024-05-15,Med/Surg,101.26825396825399,82
509,2024-05-15,Emergency Department Observation,101.21904761904761,42
510,2024-05-15,Discharge Lounge,97.35476190476194,18
511,2024-05-15,Surgical Intensive Care Unit (SICU),69.78333333333333,94
512,2024-05-15,Cardiac Vascular Intensive Care Unit (CVICU),68.85634920634921,82
513,2024-05-15,Neurology,67.71031746031746,46
514,2024-05-15,Transplant,52.013492063492066,32
515,2024-05-15,Obstetrics (Postpartum & Antepartum),52.0,58
516,2024-05-15,Vascular,46.8063492063492,38
517,2024-05-15,Medicine,41.72063492063492,78
518,2024-05-15,Hematology/Oncology,39.32460317460317,54
519,2024-05-15,Coronary Care Unit (CCU),30.0,72
520,2024-05-15,Medicine/Cardiology Intermediate,29.7,60
521,2024-05-15,Med/Surg/GYN,25.849999999999998,58
522,2024-05-15,Trauma SICU (TSICU),21.70952380952381,80
523,2024-05-15,Surgery/Pancreatic/Biliary/Bariatric,13.433333333333334,40
524,2024-05-15,Surgery/Trauma,6.692857142857143,58
525,2024-05-15,Cardiac Surgery,4.4,48
526,2024-05-15,Med/Surg/Trauma,3.423809523809523,74
527,2024-05-15,Emergency Department,0.0,130
528,2024-05-15,Labor & Delivery,0.0,60
529,2024-05-15,Observation,0.0,38
530,2024-05-15,Thoracic Surgery,0.0,40
531,2024-05-15,Surgery,0.0,60
532,2024-05-15,Psychiatry,0.0,34
533,2024-05-15,Hematology/Oncology Intermediate,0.0,40
534,2024-05-15,Cardiology Surgery Intermediate,0.0,40
535,2024-05-15,Medical/Surgical (Gynecology),0.0,48
536,2024-05-15,Cardiology,0.0,70
537,2024-05-15,Neuro Intermediate,0.0,38
538,2024-05-15,Neuro Surgical Intensive Care Unit (Neuro SICU),0.0,82
539,2024-05-15,Obstetrics Postpartum,0.0,46
540,2024-05-16,Medical/Surgical Intensive Care Unit (MICU/SICU),118.66666666666664,94
541,2024-05-16,Medical Intensive Care Unit (MICU),108.60238095238095,96
542,2024-05-16,PACU,104.57777777777777,24
543,2024-05-16,Medicine/Cardiology,102.46349206349205,74
544,2024-05-16,Med/Surg,101.26825396825399,82
545,2024-05-16,Emergency Department Observation,101.21904761904761,42
546,2024-05-16,Discharge Lounge,97.35476190476194,20
547,2024-05-16,Surgical Intensive Care Unit (SICU),69.78333333333333,90
548,2024-05-16,Cardiac Vascular Intensive Care Unit (CVICU),68.85634920634921,78
549,2024-05-16,Neurology,67.71031746031746,50
550,2024-05-16,Transplant,52.013492063492066,30
551,2024-05-16,Obstetrics (Postpartum & Antepartum),52.0,54
552,2024-05-16,Vascular,46.8063492063492,38
553,2024-05-16,Medicine,41.72063492063492,76
554,2024-05-16,Hematology/Oncology,39.32460317460317,56
555,2024-05-16,Coronary Care Unit (CCU),30.0,74
556,2024-05-16,Medicine/Cardiology Intermediate,29.7,62
557,2024-05-16,Med/Surg/GYN,25.849999999999998,56
558,2024-05-16,Trauma SICU (TSICU),21.70952380952381,78
559,2024-05-16,Surgery/Pancreatic/Biliary/Bariatric,13.433333333333334,42
560,2024-05-16,Surgery/Trauma,6.692857142857143,56
561,2024-05-16,Cardiac Surgery,4.4,46
562,2024-05-16,Med/Surg/Trauma,3.423809523809523,74
563,2024-05-16,Emergency Department,0.0,126
564,2024-05-16,Labor & Delivery,0.0,58
565,2024-05-16,Observation,0.0,36
566,2024-05-16,Thoracic Surgery,0.0,38
567,2024-05-16,Surgery,0.0,64
568,2024-05-16,Psychiatry,0.0,32
569,2024-05-16,Hematology/Oncology Intermediate,0.0,40
570,2024-05-16,Cardiology Surgery Intermediate,0.0,42
571,2024-05-16,Medical/Surgical (Gynecology),0.0,46
572,2024-05-16,Cardiology,0.0,72
573,2024-05-16,Neuro Intermediate,0.0,38
574,2024-05-16,Neuro Surgical Intensive Care Unit (Neuro SICU),0.0,80
575,2024-05-16,Obstetrics Postpartum,0.0,50
576,2024-05-17,Medical/Surgical Intensive Care Unit (MICU/SICU),118.66666666666664,88
577,2024-05-17,Medical Intensive Care Unit (MICU),108.60238095238095,104
578,2024-05-17,PACU,104.57777777777777,24
579,2024-05-17,Medicine/Cardiology,102.46349206349205,68
580,2024-05-17,Med/Surg,101.26825396825399,74
581,2024-05-17,Emergency Department Observation,101.21904761904761,38
582,2024-05-17,Discharge Lounge,97.35476190476194,22
583,2024-05-17,Surgical Intensive Care Unit (SICU),69.78333333333333,82
584,2024-05-17,Cardiac Vascular Intensive Care Unit (CVICU),68.85634920634921,78
585,2024-05-17,Neurology,67.71031746031746,48
586,2024-05-17,Transplant,52.013492063492066,32
587,2024-05-17,Obstetrics (Postpartum & Antepartum),52.0,56
588,2024-05-17,Vascular,46.8063492063492,38
589,2024-05-17,Medicine,41.72063492063492,76
590,2024-05-17,Hematology/Oncology,39.32460317460317,58
591,2024-05-17,Coronary Care Unit (CCU),30.0,74
592,2024-05-17,Medicine/Cardiology Intermediate,29.7,58
593,2024-05-17,Med/Surg/GYN,25.849999999999998,60
594,2024-05-17,Trauma SICU (TSICU),21.70952380952381,80
595,2024-05-17,Surgery/Pancreatic/Biliary/Bariatric,13.433333333333334,42
596,2024-05-17,Surgery/Trauma,6.692857142857143,62
597,2024-05-17,Cardiac Surgery,4.4,50
598,2024-05-17,Med/Surg/Trauma,3.423809523809523,76
599,2024-05-17,Emergency Department,0.0,130
600,2024-05-17,Labor & Delivery,0.0,58
601,2024-05-17,Observation,0.0,38
602,2024-05-17,Thoracic Surgery,0.0,40
603,2024-05-17,Surgery,0.0,68
604,2024-05-17,Psychiatry,0.0,34
605,2024-05-17,Hematology/Oncology Intermediate,0.0,42
606,2024-05-17,Cardiology Surgery Intermediate,0.0,40
607,2024-05-17,Medical/Surgical (Gynecology),0.0,48
608,2024-05-17,Cardiology,0.0,70
609,2024-05-17,Neuro Intermediate,0.0,40
610,2024-05-17,Neuro Surgical Intensive Care Unit (Neuro SICU),0.0,76
611,2024-05-17,Obstetrics Postpartum,0.0,50
612,2024-05-18,Medical/Surgical Intensive Care Unit (MICU/SICU),118.66666666666664,92
613,2024-05-18,Medical Intensive Care Unit (MICU),108.60238095238095,98
614,2024-05-18,PACU,104.57777777777777,24
615,2024-05-18,Medicine/Cardiology,102.46349206349205,72
616,2024-05-18,Med/Surg,101.26825396825399,78
617,2024-05-18,Emergency Department Observation,101.21904761904761,38
618,2024-05-18,Discharge Lounge,97.35476190476194,20
619,2024-05-18,Surgical Intensive Care Unit (SICU),69.78333333333333,90
620,2024-05-18,Cardiac Vascular Intensive Care Unit (CVICU),68.85634920634921,80
621,2024-05-18,Neurology,67.71031746031746,46
622,2024-05-18,Transplant,52.013492063492066,34
623,2024-05-18,Obstetrics (Postpartum & Antepartum),52.0,54
624,2024-05-18,Vascular,46.8063492063492,38
625,2024-05-18,Medicine,41.72063492063492,84
626,2024-05-18,Hematology/Oncology,39.32460317460317,58
627,2024-05-18,Coronary Care Unit (CCU),30.0,72
628,2024-05-18,Medicine/Cardiology Intermediate,29.7,56
629,2024-05-18,Med/Surg/GYN,25.849999999999998,56
630,2024-05-18,Trauma SICU (TSICU),21.70952380952381,86
631,2024-05-18,Surgery/Pancreatic/Biliary/Bariatric,13.433333333333334,44
632,2024-05-18,Surgery/Trauma,6.692857142857143,60
633,2024-05-18,Cardiac Surgery,4.4,50
634,2024-05-18,Med/Surg/Trauma,3.423809523809523,70
635,2024-05-18,Emergency Department,0.0,132
636,2024-05-18,Labor & Delivery,0.0,58
637,2024-05-18,Observation,0.0,36
638,2024-05-18,Thoracic Surgery,0.0,42
639,2024-05-18,Surgery,0.0,62
640,2024-05-18,Psychiatry,0.0,32
641,2024-05-18,Hematology/Oncology Intermediate,0.0,40
642,2024-05-18,Cardiology Surgery Intermediate,0.0,42
643,2024-05-18,Medical/Surgical (Gynecology),0.0,46
644,2024-05-18,Cardiology,0.0,70
645,2024-05-18,Neuro Intermediate,0.0,40
646,2024-05-18,Neuro Surgical Intensive Care Unit (Neuro SICU),0.0,80
647,2024-05-18,Obstetrics Postpartum,0.0,48
648,2024-05-19,Medical/Surgical Intensive Care Unit (MICU/SICU),118.66666666666664,94
649,2024-05-19,Medical Intensive Care Unit (MICU),108.60238095238095,98
650,2024-05-19,PACU,104.57777777777777,24
651,2024-05-19,Medicine/Cardiology,102.46349206349205,76
652,2024-05-19,Med/Surg,101.26825396825399,80
653,2024-05-19,Emergency Department Observation,101.21904761904761,38
654,2024-05-19,Discharge Lounge,97.35476190476194,20
655,2024-05-19,Surgical Intensive Care Unit (SICU),69.78333333333333,90
656,2024-05-19,Cardiac Vascular Intensive Care Unit (CVICU),68.85634920634921,78
657,2024-05-19,Neurology,67.71031746031746,46
658,2024-05-19,Transplant,52.013492063492066,30
659,2024-05-19,Obstetrics (Postpartum & Antepartum),52.0,56
660,2024-05-19,Vascular,46.8063492063492,38
661,2024-05-19,Medicine,41.72063492063492,84
662,2024-05-19,Hematology/Oncology,39.32460317460317,58
663,2024-05-19,Coronary Care Unit (CCU),30.0,76
664,2024-05-19,Medicine/Cardiology Intermediate,29.7,62
665,2024-05-19,Med/Surg/GYN,25.849999999999998,62
666,2024-05-19,Trauma SICU (TSICU),21.70952380952381,80
667,2024-05-19,Surgery/Pancreatic/Biliary/Bariatric,13.433333333333334,44
668,2024-05-19,Surgery/Trauma,6.692857142857143,64
669,2024-05-19,Cardiac Surgery,4.4,50
670,2024-05-19,Med/Surg/Trauma,3.423809523809523,76
671,2024-05-19,Emergency Department,0.0,132
672,2024-05-19,Labor & Delivery,0.0,62
673,2024-05-19,Observation,0.0,38
674,2024-05-19,Thoracic Surgery,0.0,38
675,2024-05-19,Surgery,0.0,66
676,2024-05-19,Psychiatry,0.0,32
677,2024-05-19,Hematology/Oncology Intermediate,0.0,40
678,2024-05-19,Cardiology Surgery Intermediate,0.0,40
679,2024-05-19,Medical/Surgical (Gynecology),0.0,50
680,2024-05-19,Cardiology,0.0,74
681,2024-05-19,Neuro Intermediate,0.0,38
682,2024-05-19,Neuro Surgical Intensive Care Unit (Neuro SICU),0.0,82
683,2024-05-19,Obstetrics Postpartum,0.0,48
684,2024-05-20,Medical/Surgical Intensive Care Unit (MICU/SICU),118.66666666666664,94
685,2024-05-20,Medical Intensive Care Unit (MICU),108.60238095238095,100
686,2024-05-20,PACU,104.57777777777777,26
687,2024-05-20,Medicine/Cardiology,102.46349206349205,74
688,2024-05-20,Med/Surg,101.26825396825399,80
689,2024-05-20,Emergency Department Observation,101.21904761904761,38
690,2024-05-20,Discharge Lounge,97.35476190476194,20
691,2024-05-20,Surgical Intensive Care Unit (SICU),69.78333333333333,92
692,2024-05-20,Cardiac Vascular Intensive Care Unit (CVICU),68.85634920634921,80
693,2024-05-20,Neurology,67.71031746031746,46
694,2024-05-20,Transplant,52.013492063492066,32
695,2024-05-20,Obstetrics (Postpartum & Antepartum),52.0,56
696,2024-05-20,Vascular,46.8063492063492,40
697,2024-05-20,Medicine,41.72063492063492,80
698,2024-05-20,Hematology/Oncology,39.32460317460317,54
699,2024-05-20,Coronary Care Unit (CCU),30.0,74
700,2024-05-20,Medicine/Cardiology Intermediate,29.7,58
701,2024-05-20,Med/Surg/GYN,25.849999999999998,60
702,2024-05-20,Trauma SICU (TSICU),21.70952380952381,80
703,2024-05-20,Surgery/Pancreatic/Biliary/Bariatric,13.433333333333334,44
704,2024-05-20,Surgery/Trauma,6.692857142857143,58
705,2024-05-20,Cardiac Surgery,4.4,46
706,2024-05-20,Med/Surg/Trauma,3.423809523809523,70
707,2024-05-20,Emergency Department,0.0,130
708,2024-05-20,Labor & Delivery,0.0,58
709,2024-05-20,Observation,0.0,38
710,2024-05-20,Thoracic Surgery,0.0,42
711,2024-05-20,Surgery,0.0,66
712,2024-05-20,Psychiatry,0.0,32
713,2024-05-20,Hematology/Oncology Intermediate,0.0,44
714,2024-05-20,Cardiology Surgery Intermediate,0.0,38
715,2024-05-20,Medical/Surgical (Gynecology),0.0,48
716,2024-05-20,Cardiology,0.0,68
717,2024-05-20,Neuro Intermediate,0.0,40
718,2024-05-20,Neuro Surgical Intensive Care Unit (Neuro SICU),0.0,80
719,2024-05-20,Obstetrics Postpartum,0.0,48
720,2024-05-21,Medical/Surgical Intensive Care Unit (MICU/SICU),118.66666666666664,100
721,2024-05-21,Medical Intensive Care Unit (MICU),108.60238095238095,106
722,2024-05-21,PACU,104.57777777777777,24
723,2024-05-21,Medicine/Cardiology,102.46349206349205,70
724,2024-05-21,Med/Surg,101.26825396825399,78
725,2024-05-21,Emergency Department Observation,101.21904761904761,38
726,2024-05-21,Discharge Lounge,97.35476190476194,20
727,2024-05-21,Surgical Intensive Care Unit (SICU),69.78333333333333,94
728,2024-05-21,Cardiac Vascular Intensive Care Unit (CVICU),68.85634920634921,80
729,2024-05-21,Neurology,67.71031746031746,46
730,2024-05-21,Transplant,52.013492063492066,34
731,2024-05-21,Obstetrics (Postpartum & Antepartum),52.0,56
732,2024-05-21,Vascular,46.8063492063492,42
733,2024-05-21,Medicine,41.72063492063492,78
734,2024-05-21,Hematology/Oncology,39.32460317460317,54
735,2024-05-21,Coronary Care Unit (CCU),30.0,72
736,2024-05-21,Medicine/Cardiology Intermediate,29.7,58
737,2024-05-21,Med/Surg/GYN,25.849999999999998,58
738,2024-05-21,Trauma SICU (TSICU),21.70952380952381,84
739,2024-05-21,Surgery/Pancreatic/Biliary/Bariatric,13.433333333333334,40
740,2024-05-21,Surgery/Trauma,6.692857142857143,64
741,2024-05-21,Cardiac Surgery,4.4,50
742,2024-05-21,Med/Surg/Trauma,3.423809523809523,72
743,2024-05-21,Emergency Department,0.0,132
744,2024-05-21,Labor & Delivery,0.0,62
745,2024-05-21,Observation,0.0,38
746,2024-05-21,Thoracic Surgery,0.0,40
747,2024-05-21,Surgery,0.0,66
748,2024-05-21,Psychiatry,0.0,30
749,2024-05-21,Hematology/Oncology Intermediate,0.0,44
750,2024-05-21,Cardiology Surgery Intermediate,0.0,42
751,2024-05-21,Medical/Surgical (Gynecology),0.0,50
752,2024-05-21,Cardiology,0.0,72
753,2024-05-21,Neuro Intermediate,0.0,40
754,2024-05-21,Neuro Surgical Intensive Care Unit (Neuro SICU),0.0,78
755,2024-05-21,Obstetrics Postpartum,0.0,48
756,2024-05-22,Medical/Surgical Intensive Care Unit (MICU/SICU),118.66666666666664,90
757,2024-05-22,Medical Intensive Care Unit (MICU),108.60238095238095,98
758,2024-05-22,PACU,104.57777777777777,24
759,2024-05-22,Medicine/Cardiology,102.46349206349205,74
760,2024-05-22,Med/Surg,101.26825396825399,78
761,2024-05-22,Emergency Department Observation,101.21904761904761,42
762,2024-05-22,Discharge Lounge,97.35476190476194,20
763,2024-05-22,Surgical Intensive Care Unit (SICU),69.78333333333333,84
764,2024-05-22,Cardiac Vascular Intensive Care Unit (CVICU),68.85634920634921,82
765,2024-05-22,Neurology,67.71031746031746,48
766,2024-05-22,Transplant,52.013492063492066,32
767,2024-05-22,Obstetrics (Postpartum & Antepartum),52.0,54
768,2024-05-22,Vascular,46.8063492063492,38
769,2024-05-22,Medicine,41.72063492063492,82
770,2024-05-22,Hematology/Oncology,39.32460317460317,58
771,2024-05-22,Coronary Care Unit (CCU),30.0,74
772,2024-05-22,Medicine/Cardiology Intermediate,29.7,60
773,2024-05-22,Med/Surg/GYN,25.849999999999998,64
774,2024-05-22,Trauma SICU (TSICU),21.70952380952381,80
775,2024-05-22,Surgery/Pancreatic/Biliary/Bariatric,13.433333333333334,40
776,2024-05-22,Surgery/Trauma,6.692857142857143,60
777,2024-05-22,Cardiac Surgery,4.4,48
778,2024-05-22,Med/Surg/Trauma,3.423809523809523,72
779,2024-05-22,Emergency Department,0.0,128
780,2024-05-22,Labor & Delivery,0.0,62
781,2024-05-22,Observation,0.0,36
782,2024-05-22,Thoracic Surgery,0.0,40
783,2024-05-22,Surgery,0.0,64
784,2024-05-22,Psychiatry,0.0,34
785,2024-05-22,Hematology/Oncology Intermediate,0.0,42
786,2024-05-22,Cardiology Surgery Intermediate,0.0,38
787,2024-05-22,Medical/Surgical (Gynecology),0.0,46
788,2024-05-22,Cardiology,0.0,70
789,2024-05-22,Neuro Intermediate,0.0,40
790,2024-05-22,Neuro Surgical Intensive Care Unit (Neuro SICU),0.0,84
791,2024-05-22,Obstetrics Postpartum,0.0,48
792,2024-05-23,Medical/Surgical Intensive Care Unit (MICU/SICU),118.66666666666664,102
793,2024-05-23,Medical Intensive Care Unit (MICU),108.60238095238095,102
794,2024-05-23,PACU,104.57777777777777,24
795,2024-05-23,Medicine/Cardiology,102.46349206349205,74
796,2024-05-23,Med/Surg,101.26825396825399,76
797,2024-05-23,Emergency Department Observation,101.21904761904761,42
798,2024-05-23,Discharge Lounge,97.35476190476194,22
799,2024-05-23,Surgical Intensive Care Unit (SICU),69.78333333333333,86
800,2024-05-23,Cardiac Vascular Intensive Care Unit (CVICU),68.85634920634921,78
801,2024-05-23,Neurology,67.71031746031746,50
802,2024-05-23,Transplant,52.013492063492066,32
803,2024-05-23,Obstetrics (Postpartum & Antepartum),52.0,54
804,2024-05-23,Vascular,46.8063492063492,40
805,2024-05-23,Medicine,41.72063492063492,82
806,2024-05-23,Hematology/Oncology,39.32460317460317,58
807,2024-05-23,Coronary Care Unit (CCU),30.0,74
808,2024-05-23,Medicine/Cardiology Intermediate,29.7,60
809,2024-05-23,Med/Surg/GYN,25.849999999999998,64
810,2024-05-23,Trauma SICU (TSICU),21.70952380952381,86
811,2024-05-23,Surgery/Pancreatic/Biliary/Bariatric,13.433333333333334,42
812,2024-05-23,Surgery/Trauma,6.692857142857143,56
813,2024-05-23,Cardiac Surgery,4.4,46
814,2024-05-23,Med/Surg/Trauma,3.423809523809523,74
815,2024-05-23,Emergency Department,0.0,130
816,2024-05-23,Labor & Delivery,0.0,58
817,2024-05-23,Observation,0.0,36
818,2024-05-23,Thoracic Surgery,0.0,40
819,2024-05-23,Surgery,0.0,62
820,2024-05-23,Psychiatry,0.0,32
821,2024-05-23,Hematology/Oncology Intermediate,0.0,44
822,2024-05-23,Cardiology Surgery Intermediate,0.0,40
823,2024-05-23,Medical/Surgical (Gynecology),0.0,48
824,2024-05-23,Cardiology,0.0,72
825,2024-05-23,Neuro Intermediate,0.0,36
826,2024-05-23,Neuro Surgical Intensive Care Unit (Neuro SICU),0.0,78
827,2024-05-23,Obstetrics Postpartum,0.0,48
828,2024-05-24,Medical/Surgical Intensive Care Unit (MICU/SICU),118.66666666666664,96
829,2024-05-24,Medical Intensive Care Unit (MICU),108.60238095238095,100
830,2024-05-24,PACU,104.57777777777777,24
831,2024-05-24,Medicine/Cardiology,102.46349206349205,76
832,2024-05-24,Med/Surg,101.26825396825399,82
833,2024-05-24,Emergency Department Observation,101.21904761904761,40
834,2024-05-24,Discharge Lounge,97.35476190476194,20
835,2024-05-24,Surgical Intensive Care Unit (SICU),69.78333333333333,86
836,2024-05-24,Cardiac Vascular Intensive Care Unit (CVICU),68.85634920634921,74
837,2024-05-24,Neurology,67.71031746031746,46
838,2024-05-24,Transplant,52.013492063492066,34
839,2024-05-24,Obstetrics (Postpartum & Antepartum),52.0,56
840,2024-05-24,Vascular,46.8063492063492,38
841,2024-05-24,Medicine,41.72063492063492,78
842,2024-05-24,Hematology/Oncology,39.32460317460317,54
843,2024-05-24,Coronary Care Unit (CCU),30.0,72
844,2024-05-24,Medicine/Cardiology Intermediate,29.7,62
845,2024-05-24,Med/Surg/GYN,25.849999999999998,56
846,2024-05-24,Trauma SICU (TSICU),21.70952380952381,80
847,2024-05-24,Surgery/Pancreatic/Biliary/Bariatric,13.433333333333334,42
848,2024-05-24,Surgery/Trauma,6.692857142857143,64
849,2024-05-24,Cardiac Surgery,4.4,50
850,2024-05-24,Med/Surg/Trauma,3.423809523809523,72
851,2024-05-24,Emergency Department,0.0,136
852,2024-05-24,Labor & Delivery,0.0,58
853,2024-05-24,Observation,0.0,38
854,2024-05-24,Thoracic Surgery,0.0,42
855,2024-05-24,Surgery,0.0,64
856,2024-05-24,Psychiatry,0.0,30
857,2024-05-24,Hematology/Oncology Intermediate,0.0,42
858,2024-05-24,Cardiology Surgery Intermediate,0.0,38
859,2024-05-24,Medical/Surgical (Gynecology),0.0,46
860,2024-05-24,Cardiology,0.0,70
861,2024-05-24,Neuro Intermediate,0.0,36
862,2024-05-24,Neuro Surgical Intensive Care Unit (Neuro SICU),0.0,82
863,2024-05-24,Obstetrics Postpartum,0.0,48
864,2024-05-25,Medical/Surgical Intensive Care Unit (MICU/SICU),118.66666666666664,98
865,2024-05-25,Medical Intensive Care Unit (MICU),108.60238095238095,106
866,2024-05-25,PACU,104.57777777777777,24
867,2024-05-25,Medicine/Cardiology,102.46349206349205,70
868,2024-05-25,Med/Surg,101.26825396825399,76
869,2024-05-25,Emergency Department Observation,101.21904761904761,40
870,2024-05-25,Discharge Lounge,97.35476190476194,18
871,2024-05-25,Surgical Intensive Care Unit (SICU),69.78333333333333,92
872,2024-05-25,Cardiac Vascular Intensive Care Unit (CVICU),68.85634920634921,86
873,2024-05-25,Neurology,67.71031746031746,50
874,2024-05-25,Transplant,52.013492063492066,32
875,2024-05-25,Obstetrics (Postpartum & Antepartum),52.0,56
876,2024-05-25,Vascular,46.8063492063492,40
877,2024-05-25,Medicine,41.72063492063492,80
878,2024-05-25,Hematology/Oncology,39.32460317460317,54
879,2024-05-25,Coronary Care Unit (CCU),30.0,72
880,2024-05-25,Medicine/Cardiology Intermediate,29.7,64
881,2024-05-25,Med/Surg/GYN,25.849999999999998,58
882,2024-05-25,Trauma SICU (TSICU),21.70952380952381,84
883,2024-05-25,Surgery/Pancreatic/Biliary/Bariatric,13.433333333333334,44
884,2024-05-25,Surgery/Trauma,6.692857142857143,62
885,2024-05-25,Cardiac Surgery,4.4,46
886,2024-05-25,Med/Surg/Trauma,3.423809523809523,74
887,2024-05-25,Emergency Department,0.0,124
888,2024-05-25,Labor & Delivery,0.0,64
889,2024-05-25,Observation,0.0,40
890,2024-05-25,Thoracic Surgery,0.0,42
891,2024-05-25,Surgery,0.0,62
892,2024-05-25,Psychiatry,0.0,32
893,2024-05-25,Hematology/Oncology Intermediate,0.0,40
894,2024-05-25,Cardiology Surgery Intermediate,0.0,38
895,2024-05-25,Medical/Surgical (Gynecology),0.0,46
896,2024-05-25,Cardiology,0.0,70
897,2024-05-25,Neuro Intermediate,0.0,38
898,2024-05-25,Neuro Surgical Intensive Care Unit (Neuro SICU),0.0,80
899,2024-05-25,Obstetrics Postpartum,0.0,48
900,2024-05-26,Medical/Surgical Intensive Care Unit (MICU/SICU),118.66666666666664,98
901,2024-05-26,Medical Intensive Care Unit (MICU),108.60238095238095,104
902,2024-05-26,PACU,104.57777777777777,22
903,2024-05-26,Medicine/Cardiology,102.46349206349205,70
904,2024-05-26,Med/Surg,101.26825396825399,76
905,2024-05-26,Emergency Department Observation,101.21904761904761,42
906,2024-05-26,Discharge Lounge,97.35476190476194,20
907,2024-05-26,Surgical Intensive Care Unit (SICU),69.78333333333333,92
908,2024-05-26,Cardiac Vascular Intensive Care Unit (CVICU),68.85634920634921,76
909,2024-05-26,Neurology,67.71031746031746,50
910,2024-05-26,Transplant,52.013492063492066,30
911,2024-05-26,Obstetrics (Postpartum & Antepartum),52.0,56
912,2024-05-26,Vascular,46.8063492063492,40
913,2024-05-26,Medicine,41.72063492063492,80
914,2024-05-26,Hematology/Oncology,39.32460317460317,54
915,2024-05-26,Coronary Care Unit (CCU),30.0,74
916,2024-05-26,Medicine/Cardiology Intermediate,29.7,60
917,2024-05-26,Med/Surg/GYN,25.849999999999998,56
918,2024-05-26,Trauma SICU (TSICU),21.70952380952381,80
919,2024-05-26,Surgery/Pancreatic/Biliary/Bariatric,13.433333333333334,44
920,2024-05-26,Surgery/Trauma,6.692857142857143,62
921,2024-05-26,Cardiac Surgery,4.4,48
922,2024-05-26,Med/Surg/Trauma,3.423809523809523,76
923,2024-05-26,Emergency Department,0.0,128
924,2024-05-26,Labor & Delivery,0.0,62
925,2024-05-26,Observation,0.0,40
926,2024-05-26,Thoracic Surgery,0.0,40
927,2024-05-26,Surgery,0.0,66
928,2024-05-26,Psychiatry,0.0,34
929,2024-05-26,Hematology/Oncology Intermediate,0.0,42
930,2024-05-26,Cardiology Surgery Intermediate,0.0,42
931,2024-05-26,Medical/Surgical (Gynecology),0.0,48
932,2024-05-26,Cardiology,0.0,70
933,2024-05-26,Neuro Intermediate,0.0,38
934,2024-05-26,Neuro Surgical Intensive Care Unit (Neuro SICU),0.0,80
935,2024-05-26,Obstetrics Postpartum,0.0,48
936,2024-05-27,Medical/Surgical Intensive Care Unit (MICU/SICU),118.66666666666664,96
937,2024-05-27,Medical Intensive Care Unit (MICU),108.60238095238095,98
938,2024-05-27,PACU,104.57777777777777,24
939,2024-05-27,Medicine/Cardiology,102.46349206349205,74
940,2024-05-27,Med/Surg,101.26825396825399,82
941,2024-05-27,Emergency Department Observation,101.21904761904761,38
942,2024-05-27,Discharge Lounge,97.35476190476194,20
943,2024-05-27,Surgical Intensive Care Unit (SICU),69.78333333333333,92
944,2024-05-27,Cardiac Vascular Intensive Care Unit (CVICU),68.85634920634921,80
945,2024-05-27,Neurology,67.71031746031746,48
946,2024-05-27,Transplant,52.013492063492066,32
947,2024-05-27,Obstetrics (Postpartum & Antepartum),52.0,54
948,2024-05-27,Vascular,46.8063492063492,40
949,2024-05-27,Medicine,41.72063492063492,80
950,2024-05-27,Hematology/Oncology,39.32460317460317,54
951,2024-05-27,Coronary Care Unit (CCU),30.0,70
952,2024-05-27,Medicine/Cardiology Intermediate,29.7,60
953,2024-05-27,Med/Surg/GYN,25.849999999999998,58
954,2024-05-27,Trauma SICU (TSICU),21.70952380952381,86
955,2024-05-27,Surgery/Pancreatic/Biliary/Bariatric,13.433333333333334,40
956,2024-05-27,Surgery/Trauma,6.692857142857143,58
957,2024-05-27,Cardiac Surgery,4.4,50
958,2024-05-27,Med/Surg/Trauma,3.423809523809523,72
959,2024-05-27,Emergency Department,0.0,130
960,2024-05-27,Labor & Delivery,0.0,62
961,2024-05-27,Observation,0.0,36
962,2024-05-27,Thoracic Surgery,0.0,38
963,2024-05-27,Surgery,0.0,64
964,2024-05-27,Psychiatry,0.0,34
965,2024-05-27,Hematology/Oncology Intermediate,0.0,42
966,2024-05-27,Cardiology Surgery Intermediate,0.0,40
967,2024-05-27,Medical/Surgical (Gynecology),0.0,50
968,2024-05-27,Cardiology,0.0,72
969,2024-05-27,Neuro Intermediate,0.0,40
970,2024-05-27,Neuro Surgical Intensive Care Unit (Neuro SICU),0.0,76
971,2024-05-27,Obstetrics Postpartum,0.0,46
972,2024-05-28,Medical/Surgical Intensive Care Unit (MICU/SICU),118.66666666666664,100
973,2024-05-28,Medical Intensive Care Unit (MICU),108.60238095238095,98
974,2024-05-28,PACU,104.57777777777777,24
975,2024-05-28,Medicine/Cardiology,102.46349206349205,74
976,2024-05-28,Med/Surg,101.26825396825399,78
977,2024-05-28,Emergency Department Observation,101.21904761904761,38
978,2024-05-28,Discharge Lounge,97.35476190476194,20
979,2024-05-28,Surgical Intensive Care Unit (SICU),69.78333333333333,92
980,2024-05-28,Cardiac Vascular Intensive Care Unit (CVICU),68.85634920634921,76
981,2024-05-28,Neurology,67.71031746031746,46
982,2024-05-28,Transplant,52.013492063492066,34
983,2024-05-28,Obstetrics (Postpartum & Antepartum),52.0,58
984,2024-05-28,Vascular,46.8063492063492,42
985,2024-05-28,Medicine,41.72063492063492,84
986,2024-05-28,Hematology/Oncology,39.32460317460317,54
987,2024-05-28,Coronary Care Unit (CCU),30.0,74
988,2024-05-28,Medicine/Cardiology Intermediate,29.7,60
989,2024-05-28,Med/Surg/GYN,25.849999999999998,62
990,2024-05-28,Trauma SICU (TSICU),21.70952380952381,78
991,2024-05-28,Surgery/Pancreatic/Biliary/Bariatric,13.433333333333334,44
992,2024-05-28,Surgery/Trauma,6.692857142857143,60
993,2024-05-28,Cardiac Surgery,4.4,48
994,2024-05-28,Med/Surg/Trauma,3.423809523809523,68
995,2024-05-28,Emergency Department,0.0,126
996,2024-05-28,Labor & Delivery,0.0,62
997,2024-05-28,Observation,0.0,40
998,2024-05-28,Thoracic Surgery,0.0,40
999,2024-05-28,Surgery,0.0,64
1000,2024-05-28,Psychiatry,0.0,32
1001,2024-05-28,Hematology/Oncology Intermediate,0.0,40
1002,2024-05-28,Cardiology Surgery Intermediate,0.0,40
1003,2024-05-28,Medical/Surgical (Gynecology),0.0,50
1004,2024-05-28,Cardiology,0.0,76
1005,2024-05-28,Neuro Intermediate,0.0,36
1006,2024-05-28,Neuro Surgical Intensive Care Unit (Neuro SICU),0.0,80
1007,2024-05-28,Obstetrics Postpartum,0.0,48
1008,2024-05-29,Medical/Surgical Intensive Care Unit (MICU/SICU),118.66666666666664,98
1009,2024-05-29,Medical Intensive Care Unit (MICU),108.60238095238095,92
1010,2024-05-29,PACU,104.57777777777777,24
1011,2024-05-29,Medicine/Cardiology,102.46349206349205,74
1012,2024-05-29,Med/Surg,101.26825396825399,76
1013,2024-05-29,Emergency Department Observation,101.21904761904761,42
1014,2024-05-29,Discharge Lounge,97.35476190476194,18
1015,2024-05-29,Surgical Intensive Care Unit (SICU),69.78333333333333,86
1016,2024-05-29,Cardiac Vascular Intensive Care Unit (CVICU),68.85634920634921,80
1017,2024-05-29,Neurology,67.71031746031746,46
1018,2024-05-29,Transplant,52.013492063492066,32
1019,2024-05-29,Obstetrics (Postpartum & Antepartum),52.0,56
1020,2024-05-29,Vascular,46.8063492063492,40
1021,2024-05-29,Medicine,41.72063492063492,84
1022,2024-05-29,Hematology/Oncology,39.32460317460317,58
1023,2024-05-29,Coronary Care Unit (CCU),30.0,72
1024,2024-05-29,Medicine/Cardiology Intermediate,29.7,58
1025,2024-05-29,Med/Surg/GYN,25.849999999999998,58
1026,2024-05-29,Trauma SICU (TSICU),21.70952380952381,86
1027,2024-05-29,Surgery/Pancreatic/Biliary/Bariatric,13.433333333333334,42
1028,2024-05-29,Surgery/Trauma,6.692857142857143,62
1029,2024-05-29,Cardiac Surgery,4.4,48
1030,2024-05-29,Med/Surg/Trauma,3.423809523809523,74
1031,2024-05-29,Emergency Department,0.0,132
1032,2024-05-29,Labor & Delivery,0.0,64
1033,2024-05-29,Observation,0.0,38
1034,2024-05-29,Thoracic Surgery,0.0,40
1035,2024-05-29,Surgery,0.0,66
1036,2024-05-29,Psychiatry,0.0,32
1037,2024-05-29,Hematology/Oncology Intermediate,0.0,44
1038,2024-05-29,Cardiology Surgery Intermediate,0.0,42
1039,2024-05-29,Medical/Surgical (Gynecology),0.0,50
1040,2024-05-29,Cardiology,0.0,74
1041,2024-05-29,Neuro Intermediate,0.0,40
1042,2024-05-29,Neuro Surgical Intensive Care Unit (Neuro SICU),0.0,80
1043,2024-05-29,Obstetrics Postpartum,0.0,46
1044,2024-05-30,Medical/Surgical Intensive Care Unit (MICU/SICU),118.66666666666664,92
1045,2024-05-30,Medical Intensive Care Unit (MICU),108.60238095238095,108
1046,2024-05-30,PACU,104.57777777777777,24
1047,2024-05-30,Medicine/Cardiology,102.46349206349205,72
1048,2024-05-30,Med/Surg,101.26825396825399,78
1049,2024-05-30,Emergency Department Observation,101.21904761904761,40
1050,2024-05-30,Discharge Lounge,97.35476190476194,20
1051,2024-05-30,Surgical Intensive Care Unit (SICU),69.78333333333333,90
1052,2024-05-30,Cardiac Vascular Intensive Care Unit (CVICU),68.85634920634921,80
1053,2024-05-30,Neurology,67.71031746031746,48
1054,2024-05-30,Transplant,52.013492063492066,32
1055,2024-05-30,Obstetrics (Postpartum & Antepartum),52.0,58
1056,2024-05-30,Vascular,46.8063492063492,40
1057,2024-05-30,Medicine,41.72063492063492,80
1058,2024-05-30,Hematology/Oncology,39.32460317460317,54
1059,2024-05-30,Coronary Care Unit (CCU),30.0,74
1060,2024-05-30,Medicine/Cardiology Intermediate,29.7,62
1061,2024-05-30,Med/Surg/GYN,25.849999999999998,62
1062,2024-05-30,Trauma SICU (TSICU),21.70952380952381,78
1063,2024-05-30,Surgery/Pancreatic/Biliary/Bariatric,13.433333333333334,40
1064,2024-05-30,Surgery/Trauma,6.692857142857143,62
1065,2024-05-30,Cardiac Surgery,4.4,48
1066,2024-05-30,Med/Surg/Trauma,3.423809523809523,70
1067,2024-05-30,Emergency Department,0.0,126
1068,2024-05-30,Labor & Delivery,0.0,62
1069,2024-05-30,Observation,0.0,38
1070,2024-05-30,Thoracic Surgery,0.0,40
1071,2024-05-30,Surgery,0.0,66
1072,2024-05-30,Psychiatry,0.0,32
1073,2024-05-30,Hematology/Oncology Intermediate,0.0,40
1074,2024-05-30,Cardiology Surgery Intermediate,0.0,42
1075,2024-05-30,Medical/Surgical (Gynecology),0.0,50
1076,2024-05-30,Cardiology,0.0,74
1077,2024-05-30,Neuro Intermediate,0.0,38
1078,2024-05-30,Neuro Surgical Intensive Care Unit (Neuro SICU),0.0,76
1079,2024-05-30,Obstetrics Postpartum,0.0,46
1080,2024-05-31,Medical/Surgical Intensive Care Unit (MICU/SICU),118.66666666666664,102
1081,2024-05-31,Medical Intensive Care Unit (MICU),108.60238095238095,106
1082,2024-05-31,PACU,104.57777777777777,24
1083,2024-05-31,Medicine/Cardiology,102.46349206349205,68
1084,2024-05-31,Med/Surg,101.26825396825399,78
1085,2024-05-31,Emergency Department Observation,101.21904761904761,40
1086,2024-05-31,Discharge Lounge,97.35476190476194,20
1087,2024-05-31,Surgical Intensive Care Unit (SICU),69.78333333333333,86
1088,2024-05-31,Cardiac Vascular Intensive Care Unit (CVICU),68.85634920634921,76
1089,2024-05-31,Neurology,67.71031746031746,48
1090,2024-05-31,Transplant,52.013492063492066,30
1091,2024-05-31,Obstetrics (Postpartum & Antepartum),52.0,56
1092,2024-05-31,Vascular,46.8063492063492,38
1093,2024-05-31,Medicine,41.72063492063492,82
1094,2024-05-31,Hematology/Oncology,39.32460317460317,56
1095,2024-05-31,Coronary Care Unit (CCU),30.0,76
1096,2024-05-31,Medicine/Cardiology Intermediate,29.7,64
1097,2024-05-31,Med/Surg/GYN,25.849999999999998,58
1098,2024-05-31,Trauma SICU (TSICU),21.70952380952381,84
1099,2024-05-31,Surgery/Pancreatic/Biliary/Bariatric,13.433333333333334,42
1100,2024-05-31,Surgery/Trauma,6.692857142857143,58
1101,2024-05-31,Cardiac Surgery,4.4,46
1102,2024-05-31,Med/Surg/Trauma,3.423809523809523,70
1103,2024-05-31,Emergency Department,0.0,122
1104,2024-05-31,Labor & Delivery,0.0,58
1105,2024-05-31,Observation,0.0,38
1106,2024-05-31,Thoracic Surgery,0.0,40
1107,2024-05-31,Surgery,0.0,64
1108,2024-05-31,Psychiatry,0.0,32
1109,2024-05-31,Hematology/Oncology Intermediate,0.0,40
1110,2024-05-31,Cardiology Surgery Intermediate,0.0,40
1111,2024-05-31,Medical/Surgical (Gynecology),0.0,50
1112,2024-05-31,Cardiology,0.0,74
1113,2024-05-31,Neuro Intermediate,0.0,38
1114,2024-05-31,Neuro Surgical Intensive Care Unit (Neuro SICU),0.0,80
1115,2024-05-31,Obstetrics Postpartum,0.0,48
